caso,len1,len2,lcs,t_rec_ms,ops_rec,t_dp_ms,ops_dp,t_memo_ms,ops_memo
classico,7,6,4,0.010042,152,0.452250,42,0.016959,42
iguais,4,4,4,0.000542,5,0.001917,16,0.006791,5
disjunto,4,4,0,0.008583,139,0.001750,16,0.002958,33
vazio,0,3,0,0.000125,1,0.000250,0,0.000291,1
aggtab,6,7,4,0.023584,346,0.003375,42,0.004708,45
prefixo,10,9,5,1.212375,83726,0.006292,90,0.012709,176
tema,11,8,4,0.137750,15714,0.006584,88,0.007459,135
