caso,len1,len2,lcs,t_rec_ms,ops_rec,t_dp_ms,ops_dp,t_memo_ms,ops_memo
classico,7,6,4,0.034000,152,1.464700,42,0.041700,42
iguais,4,4,4,0.001900,5,0.005200,16,0.012300,5
disjunto,4,4,0,0.024400,139,0.006700,16,0.009200,33
vazio,0,3,0,0.000600,1,0.002300,0,0.001200,1
aggtab,6,7,4,0.074900,346,0.011700,42,0.013500,45
prefixo,10,9,5,3.123500,83726,0.018400,90,0.038000,176
tema,11,8,4,0.951900,15714,0.021500,88,0.035300,135
